/en/recipes/classic-overnight-oats/,Classic overnight oats,/sites/default/files/styles/fgk_image_small/public/2021-02/Classic%20overnight%20oats_0.jpg
/en/recipes/egg-veggie-scramble/,Egg and veggie scramble,/sites/default/files/styles/fgk_image_small/public/2022-05/Egg%20and%20veggie%20scramble.jpg
/en/recipes/apple-pie-oatmeal/,Apple pie oatmeal,/sites/default/files/styles/fgk_image_small/public/2022-05/apple%20pie%20oatmeal.jpg
/en/recipes/savoury-broccoli-cheese-muffins/,Savoury broccoli and cheese muffins,/sites/default/files/styles/fgk_image_small/public/2020-07/broco_cheese_muffins.jpg
/en/recipes/good-morning-egg-roll/,Egg wrap with vegetables,/sites/default/files/styles/fgk_image_small/public/2020-07/egg_roll_up.jpg
/en/recipes/strawberry-pancakes/,Strawberry pancakes,/sites/default/files/styles/fgk_image_small/public/2022-05/ST_strawbs_pancakes_4c.jpg
/en/recipes/french-toast-sticks-pineapple-orange-topping/,French toast sticks with pineapple orange topping,/sites/default/files/styles/fgk_image_small/public/2020-07/french_toast.jpg
/en/recipes/classic-poached-eggs/,Classic poached eggs,/sites/default/files/styles/fgk_image_small/public/2020-07/poached_eggs.jpg
/en/recipes/baked-cheese-stratas/,Baked cheese stratas,/sites/default/files/styles/fgk_image_small/public/2022-05/Cheese_stratas_1.jpg
/en/recipes/eat-your-greens-frittata/,Spicy vegetable frittata,/sites/default/files/styles/fgk_image_small/public/2020-07/ST_frittata_4c.jpg
/en/recipes/marvellous-muffins/,Sweet zucchini muffins,/sites/default/files/styles/fgk_image_small/public/2020-07/ST_morning_muffins_4c.jpg
/en/recipes/carrot-potato-pancakes/,Carrot potato pancakes,/sites/default/files/styles/fgk_image_small/public/2020-07/Potato%20Pancakes.JPG
/en/recipes/classic-overnight-oats/,Classic overnight oats,/sites/default/files/styles/fgk_image_small/public/2021-02/Classic%20overnight%20oats_0.jpg
/en/recipes/egg-veggie-scramble/,Egg and veggie scramble,/sites/default/files/styles/fgk_image_small/public/2022-05/Egg%20and%20veggie%20scramble.jpg
/en/recipes/apple-pie-oatmeal/,Apple pie oatmeal,/sites/default/files/styles/fgk_image_small/public/2022-05/apple%20pie%20oatmeal.jpg
/en/recipes/savoury-broccoli-cheese-muffins/,Savoury broccoli and cheese muffins,/sites/default/files/styles/fgk_image_small/public/2020-07/broco_cheese_muffins.jpg
/en/recipes/good-morning-egg-roll/,Egg wrap with vegetables,/sites/default/files/styles/fgk_image_small/public/2020-07/egg_roll_up.jpg
/en/recipes/strawberry-pancakes/,Strawberry pancakes,/sites/default/files/styles/fgk_image_small/public/2022-05/ST_strawbs_pancakes_4c.jpg
/en/recipes/french-toast-sticks-pineapple-orange-topping/,French toast sticks with pineapple orange topping,/sites/default/files/styles/fgk_image_small/public/2020-07/french_toast.jpg
/en/recipes/classic-poached-eggs/,Classic poached eggs,/sites/default/files/styles/fgk_image_small/public/2020-07/poached_eggs.jpg
/en/recipes/baked-cheese-stratas/,Baked cheese stratas,/sites/default/files/styles/fgk_image_small/public/2022-05/Cheese_stratas_1.jpg
/en/recipes/eat-your-greens-frittata/,Spicy vegetable frittata,/sites/default/files/styles/fgk_image_small/public/2020-07/ST_frittata_4c.jpg
/en/recipes/marvellous-muffins/,Sweet zucchini muffins,/sites/default/files/styles/fgk_image_small/public/2020-07/ST_morning_muffins_4c.jpg
/en/recipes/carrot-potato-pancakes/,Carrot potato pancakes,/sites/default/files/styles/fgk_image_small/public/2020-07/Potato%20Pancakes.JPG
/en/recipes/classic-overnight-oats/,Classic overnight oats,/sites/default/files/styles/fgk_image_small/public/2021-02/Classic%20overnight%20oats_0.jpg
/en/recipes/egg-veggie-scramble/,Egg and veggie scramble,/sites/default/files/styles/fgk_image_small/public/2022-05/Egg%20and%20veggie%20scramble.jpg
/en/recipes/apple-pie-oatmeal/,Apple pie oatmeal,/sites/default/files/styles/fgk_image_small/public/2022-05/apple%20pie%20oatmeal.jpg
/en/recipes/savoury-broccoli-cheese-muffins/,Savoury broccoli and cheese muffins,/sites/default/files/styles/fgk_image_small/public/2020-07/broco_cheese_muffins.jpg
/en/recipes/good-morning-egg-roll/,Egg wrap with vegetables,/sites/default/files/styles/fgk_image_small/public/2020-07/egg_roll_up.jpg
/en/recipes/strawberry-pancakes/,Strawberry pancakes,/sites/default/files/styles/fgk_image_small/public/2022-05/ST_strawbs_pancakes_4c.jpg
/en/recipes/french-toast-sticks-pineapple-orange-topping/,French toast sticks with pineapple orange topping,/sites/default/files/styles/fgk_image_small/public/2020-07/french_toast.jpg
/en/recipes/classic-poached-eggs/,Classic poached eggs,/sites/default/files/styles/fgk_image_small/public/2020-07/poached_eggs.jpg
/en/recipes/baked-cheese-stratas/,Baked cheese stratas,/sites/default/files/styles/fgk_image_small/public/2022-05/Cheese_stratas_1.jpg
/en/recipes/eat-your-greens-frittata/,Spicy vegetable frittata,/sites/default/files/styles/fgk_image_small/public/2020-07/ST_frittata_4c.jpg
/en/recipes/marvellous-muffins/,Sweet zucchini muffins,/sites/default/files/styles/fgk_image_small/public/2020-07/ST_morning_muffins_4c.jpg
/en/recipes/carrot-potato-pancakes/,Carrot potato pancakes,/sites/default/files/styles/fgk_image_small/public/2020-07/Potato%20Pancakes.JPG
